{
  "roots": [
    "<rootDir>/src"
  ],
  "collectCoverageFrom": [
    "src/**/*.{js,jsx,ts,tsx}",
    "!src/**/*.d.ts"
  ],
  "globalSetup": "<rootDir>/src/test/config.js",
  "setupFiles": [
    "react-app-polyfill/jsdom"
  ],
  "setupFilesAfterEnv": [
    "<rootDir>/src/test/setup.ts"
  ],
  "testEnvironment": "jsdom",
  "testMatch": [
    "<rootDir>/src/**/__tests__/**/*.{js,jsx,ts,tsx}",
    "<rootDir>/src/**/*.{spec,test}.{js,jsx,ts,tsx}"
  ],
  "transform": {
    "^.+\\.(js|jsx|mjs|cjs|ts|tsx)$": "babel-jest"
  },
  "transformIgnorePatterns": [
    "node_modules/?!(@group-ui)"
  ],
  "modulePaths": [],
  "moduleNameMapper": {
    "^react-native$": "react-native-web",
    "^.+\\.module\\.(css|sass|scss)$": "identity-obj-proxy"
  },
  "moduleFileExtensions": [
    "web.js",
    "js",
    "web.ts",
    "ts",
    "web.tsx",
    "tsx",
    "json",
    "web.jsx",
    "jsx",
    "node"
  ],
  "watchPlugins": [
    "jest-watch-typeahead/filename",
    "jest-watch-typeahead/testname"
  ],
  "resetMocks": true
}
